Influencer Name,Word,Count
aaroncgshore,little,37
aaroncgshore,talia,21
aaroncgshore,happy,20
aaroncgshore,oatway,19
aaroncgshore,big,18
aaroncgshore,beautiful,17
aaroncgshore,boy,17
aaroncgshore,good,16
aaroncgshore,last,15
aaroncgshore,best,14
aaroncgshore,love,14
aaroncgshore,baby,13
aaroncgshore,romeo,13
aaroncgshore,birthday,12
aaroncgshore,back,12
aaroncgshore,family,12
aaroncgshore,morning,11
aaroncgshore,always,11
aaroncgshore,next,11
aaroncgshore,today,11
adamcollard,sculpt,171
adamcollard,sets,74
adamcollard,rest,68
adamcollard,db,66
adamcollard,ups,63
adamcollard,time,62
adamcollard,kg,59
adamcollard,workout,52
adamcollard,good,52
adamcollard,reps,47
adamcollard,squats,46
adamcollard,go,46
adamcollard,save,45
adamcollard,every,44
adamcollard,training,44
adamcollard,want,43
adamcollard,ad,43
adamcollard,gym,43
adamcollard,fitness,42
adamcollard,week,39
aliceliveing,body,113
aliceliveing,workout,97
aliceliveing,try,90
aliceliveing,week,81
aliceliveing,side,81
aliceliveing,know,79
aliceliveing,feel,75
aliceliveing,time,70
aliceliveing,really,68
aliceliveing,let,61
aliceliveing,make,58
aliceliveing,training,57
aliceliveing,tag,53
aliceliveing,challenge,53
aliceliveing,app,50
aliceliveing,feeling,47
aliceliveing,much,47
aliceliveing,might,46
aliceliveing,today,46
aliceliveing,back,45
brown.elle,ad,21
brown.elle,code,8
brown.elle,hair,7
brown.elle,summer,6
brown.elle,fashionnova,5
brown.elle,fashionnovapartner,5
brown.elle,loungeunderwear,4
brown.elle,boohoomanofficial,4
brown.elle,shein,4
brown.elle,look,4
brown.elle,elle,3
brown.elle,ellie,3
brown.elle,order,3
brown.elle,boohoo,3
brown.elle,dress,3
brown.elle,best,3
brown.elle,feeling,3
brown.elle,favourite,3
brown.elle,night,3
brown.elle,bondiboost,3
charlottedawsy,chuffin,102
charlottedawsy,love,102
charlottedawsy,best,74
charlottedawsy,noah,73
charlottedawsy,feel,71
charlottedawsy,much,70
charlottedawsy,beltin,67
charlottedawsy,got,63
charlottedawsy,belleh,56
charlottedawsy,know,54
charlottedawsy,darlings,51
charlottedawsy,tan,51
charlottedawsy,fabulous,50
charlottedawsy,dawsylicioustanning,49
charlottedawsy,sexeh,47
charlottedawsy,chazza,47
charlottedawsy,little,46
charlottedawsy,time,43
charlottedawsy,holiday,42
charlottedawsy,proud,41
chessieking,every,79
chessieking,body,75
chessieking,weeks,62
chessieking,first,60
chessieking,feel,58
chessieking,love,57
chessieking,mat,55
chessieking,time,53
chessieking,even,49
chessieking,back,46
chessieking,year,45
chessieking,going,44
chessieking,little,43
chessieking,ad,43
chessieking,would,42
chessieking,rae,42
chessieking,days,40
chessieking,want,39
chessieking,tiny,39
chessieking,new,36
chloe.khan,ad,29
chloe.khan,new,18
chloe.khan,pic,15
chloe.khan,best,13
chloe.khan,dress,13
chloe.khan,today,12
chloe.khan,happy,12
chloe.khan,aavehiclegroup,12
chloe.khan,good,11
chloe.khan,love,10
chloe.khan,hair,9
chloe.khan,beautiful,8
chloe.khan,people,8
chloe.khan,thanks,8
chloe.khan,bujarpestishaofficial,8
chloe.khan,follow,8
chloe.khan,rate,8
chloe.khan,check,8
chloe.khan,back,7
chloe.khan,ps,7
courtneydblack,calories,94
courtneydblack,workout,74
courtneydblack,every,57
courtneydblack,time,54
courtneydblack,need,54
courtneydblack,body,52
courtneydblack,feel,50
courtneydblack,fat,50
courtneydblack,food,48
courtneydblack,challenge,47
courtneydblack,courtneyblackapp,45
courtneydblack,workouts,45
courtneydblack,eating,44
courtneydblack,week,43
courtneydblack,make,43
courtneydblack,much,43
courtneydblack,many,43
courtneydblack,going,41
courtneydblack,also,41
courtneydblack,best,37
danosborneofficial,little,44
danosborneofficial,love,43
danosborneofficial,amazing,36
danosborneofficial,go,33
danosborneofficial,today,33
danosborneofficial,time,33
danosborneofficial,best,28
danosborneofficial,happy,28
danosborneofficial,thank,28
danosborneofficial,know,27
danosborneofficial,got,26
danosborneofficial,much,24
danosborneofficial,new,24
danosborneofficial,night,23
danosborneofficial,first,20
danosborneofficial,done,19
danosborneofficial,good,18
danosborneofficial,daddy,18
danosborneofficial,big,18
danosborneofficial,ever,18
gabbydawnallen,time,59
gabbydawnallen,body,47
gabbydawnallen,love,46
gabbydawnallen,workout,45
gabbydawnallen,leg,45
gabbydawnallen,shapeupwithgabbyallen,45
gabbydawnallen,also,43
gabbydawnallen,know,42
gabbydawnallen,back,40
gabbydawnallen,every,39
gabbydawnallen,go,37
gabbydawnallen,ad,36
gabbydawnallen,side,34
gabbydawnallen,weight,34
gabbydawnallen,best,33
gabbydawnallen,let,31
gabbydawnallen,next,30
gabbydawnallen,save,30
gabbydawnallen,week,30
gabbydawnallen,gym,30
ini.helen,dress,7
ini.helen,got,7
ini.helen,happy,6
ini.helen,imura,6
ini.helen,boutique,6
ini.helen,love,6
ini.helen,hi,5
ini.helen,today,3
ini.helen,friday,3
ini.helen,never,3
ini.helen,wear,3
ini.helen,look,3
ini.helen,glad,3
ini.helen,man,3
ini.helen,tonight,3
ini.helen,caption,3
ini.helen,last,3
ini.helen,sometimes,3
ini.helen,night,3
ini.helen,dog,3
itsalwayshana,sec,180
itsalwayshana,rest,97
itsalwayshana,body,83
itsalwayshana,back,61
itsalwayshana,workout,60
itsalwayshana,exercise,59
itsalwayshana,weight,54
itsalwayshana,side,53
itsalwayshana,gym,49
itsalwayshana,core,48
itsalwayshana,fitnglamgym,47
itsalwayshana,exercises,44
itsalwayshana,abs,43
itsalwayshana,song,41
itsalwayshana,leg,40
itsalwayshana,riyadh,36
itsalwayshana,dubai,35
itsalwayshana,rounds,34
itsalwayshana,glutes,33
itsalwayshana,training,31
jamesgshore,jamestindalefitness,69
jamesgshore,back,35
jamesgshore,online,29
jamesgshore,coaching,22
jamesgshore,com,21
jamesgshore,make,21
jamesgshore,good,19
jamesgshore,time,19
jamesgshore,new,19
jamesgshore,year,18
jamesgshore,see,16
jamesgshore,work,16
jamesgshore,link,16
jamesgshore,bio,16
jamesgshore,best,16
jamesgshore,looking,16
jamesgshore,also,15
jamesgshore,goals,15
jamesgshore,week,15
jamesgshore,training,15
jamessmithpt,people,37
jamessmithpt,james,37
jamessmithpt,fat,27
jamessmithpt,life,22
jamessmithpt,know,19
jamessmithpt,every,16
jamessmithpt,work,15
jamessmithpt,loss,15
jamessmithpt,live,15
jamessmithpt,need,14
jamessmithpt,time,14
jamessmithpt,diet,14
jamessmithpt,podcast,13
jamessmithpt,go,13
jamessmithpt,make,13
jamessmithpt,even,13
jamessmithpt,smith,12
jamessmithpt,calories,12
jamessmithpt,think,12
jamessmithpt,best,12
jesshunt2,refybeauty,64
jesshunt2,ad,40
jesshunt2,lip,26
jesshunt2,collection,25
jesshunt2,skin,22
jesshunt2,whitefoxboutique,20
jesshunt2,wearing,19
jesshunt2,guys,17
jesshunt2,finish,16
jesshunt2,jesswf,16
jesshunt2,happy,15
jesshunt2,set,12
jesshunt2,weekend,12
jesshunt2,good,10
jesshunt2,loungeunderwear,10
jesshunt2,cream,10
jesshunt2,gloss,10
jesshunt2,fave,10
jesshunt2,refy,10
jesshunt2,make,10
jessica_rose_uk,ad,31
jessica_rose_uk,uk,19
jessica_rose_uk,sky,17
jessica_rose_uk,domlever,14
jessica_rose_uk,new,13
jessica_rose_uk,love,13
jessica_rose_uk,cute,11
jessica_rose_uk,collection,10
jessica_rose_uk,christmas,10
jessica_rose_uk,baby,9
jessica_rose_uk,stories,9
jessica_rose_uk,tv,9
jessica_rose_uk,time,8
jessica_rose_uk,need,8
jessica_rose_uk,boy,8
jessica_rose_uk,obsessed,8
jessica_rose_uk,coffee,8
jessica_rose_uk,little,7
jessica_rose_uk,jessica,7
jessica_rose_uk,win,7
jesswright77,ad,52
jesswright77,love,32
jesswright77,dorothyperkins,29
jesswright77,dress,23
jesswright77,thank,22
jesswright77,baby,22
jesswright77,beautiful,21
jesswright77,happy,20
jesswright77,best,20
jesswright77,night,20
jesswright77,collection,19
jesswright77,christmas,19
jesswright77,amazing,18
jesswright77,life,17
jesswright77,much,16
jesswright77,every,16
jesswright77,wedding,16
jesswright77,make,15
jesswright77,wait,14
jesswright77,hair,14
katiepiper_,people,52
katiepiper_,new,49
katiepiper_,see,49
katiepiper_,hair,44
katiepiper_,ad,44
katiepiper_,time,43
katiepiper_,life,41
katiepiper_,year,38
katiepiper_,week,37
katiepiper_,today,36
katiepiper_,help,35
katiepiper_,incredible,34
katiepiper_,feel,32
katiepiper_,know,32
katiepiper_,little,30
katiepiper_,amazing,29
katiepiper_,pm,29
katiepiper_,lovely,28
katiepiper_,love,28
katiepiper_,back,28
korisampson,ad,65
korisampson,boohoomanofficial,28
korisampson,want,19
korisampson,year,18
korisampson,see,17
korisampson,life,16
korisampson,last,16
korisampson,also,15
korisampson,goals,14
korisampson,new,14
korisampson,siksilk,14
korisampson,back,14
korisampson,great,13
korisampson,still,13
korisampson,go,12
korisampson,time,12
korisampson,week,12
korisampson,work,12
korisampson,start,11
korisampson,even,11
lucymeck1,ad,100
lucymeck1,roman,48
lucymeck1,time,41
lucymeck1,rwl,37
lucymeck1,love,35
lucymeck1,baby,34
lucymeck1,remingtonuk,29
lucymeck1,also,29
lucymeck1,look,29
lucymeck1,new,28
lucymeck1,little,27
lucymeck1,feel,26
lucymeck1,make,26
lucymeck1,perfect,24
lucymeck1,much,23
lucymeck1,dress,23
lucymeck1,happy,23
lucymeck1,lots,21
lucymeck1,hydraluxe,21
lucymeck1,first,21
mac_griffiths_,ad,107
mac_griffiths_,gymking,52
mac_griffiths_,time,34
mac_griffiths_,phdnutrition,29
mac_griffiths_,protein,25
mac_griffiths_,make,23
mac_griffiths_,want,20
mac_griffiths_,work,20
mac_griffiths_,let,20
mac_griffiths_,fitness,19
mac_griffiths_,new,19
mac_griffiths_,take,18
mac_griffiths_,know,17
mac_griffiths_,people,16
mac_griffiths_,body,15
mac_griffiths_,got,14
mac_griffiths_,good,14
mac_griffiths_,better,14
mac_griffiths_,abs,13
mac_griffiths_,keep,13
mattdoesfitness,morsia,38
mattdoesfitness,kg,32
mattdoesfitness,app,28
mattdoesfitness,jeans,25
mattdoesfitness,time,24
mattdoesfitness,legendlondonco,21
mattdoesfitness,myprotein,20
mattdoesfitness,tag,19
mattdoesfitness,ad,16
mattdoesfitness,ever,16
mattdoesfitness,absolute,16
mattdoesfitness,sick,16
mattdoesfitness,someone,15
mattdoesfitness,gym,15
mattdoesfitness,link,15
mattdoesfitness,training,15
mattdoesfitness,also,14
mattdoesfitness,bio,13
mattdoesfitness,last,13
mattdoesfitness,go,12
ohpolly,winner,295
ohpolly,post,156
ohpolly,ohpolly,156
ohpolly,following,146
ohpolly,open,144
ohpolly,collection,129
ohpolly,neenaswim,105
ohpolly,chance,86
ohpolly,make,80
ohpolly,way,79
ohpolly,go,79
ohpolly,enter,77
ohpolly,sure,77
ohpolly,tag,76
ohpolly,dm,76
ohpolly,apply,75
ohpolly,comment,74
ohpolly,bff,73
ohpolly,comp,73
ohpolly,contacted,73
oliviadbowen,ad,99
oliviadbowen,love,31
oliviadbowen,new,29
oliviadbowen,missyempire,26
oliviadbowen,baby,26
oliviadbowen,collection,23
oliviadbowen,got,19
oliviadbowen,good,19
oliviadbowen,go,19
oliviadbowen,time,18
oliviadbowen,perfect,18
oliviadbowen,amazing,17
oliviadbowen,always,17
oliviadbowen,life,16
oliviadbowen,happy,16
oliviadbowen,also,16
oliviadbowen,gorgeous,16
oliviadbowen,bouxavenue,16
oliviadbowen,guys,15
oliviadbowen,look,15
rogersnipes,people,92
rogersnipes,health,74
rogersnipes,life,62
rogersnipes,make,55
rogersnipes,good,54
rogersnipes,training,52
rogersnipes,would,49
rogersnipes,time,47
rogersnipes,feel,45
rogersnipes,many,43
rogersnipes,need,41
rogersnipes,always,35
rogersnipes,know,35
rogersnipes,back,35
rogersnipes,energy,34
rogersnipes,work,34
rogersnipes,gym,34
rogersnipes,years,32
rogersnipes,today,32
rogersnipes,visit,32
slimmingworld,slimmingworld,194
slimmingworld,weightloss,149
slimmingworld,weight,136
slimmingworld,link,126
slimmingworld,swfamily,124
slimmingworld,weightlosssupport,107
slimmingworld,healthylifestyle,107
slimmingworld,slimming,105
slimmingworld,foodoptimising,103
slimmingworld,bio,97
slimmingworld,slimmingworlduk,96
slimmingworld,healthyeating,93
slimmingworld,swcommunity,91
slimmingworld,swtastethefreedom,91
slimmingworld,world,90
slimmingworld,weightlossinspiration,88
slimmingworld,find,85
slimmingworld,food,79
slimmingworld,group,69
slimmingworld,new,68
sylvijaa,ad,71
sylvijaa,fashionnova,33
sylvijaa,fashionnovapartner,33
sylvijaa,dress,31
sylvijaa,hair,20
sylvijaa,missyempire,20
sylvijaa,wearing,18
sylvijaa,code,17
sylvijaa,happy,17
sylvijaa,svlabel,16
sylvijaa,rebelliousfashion,14
sylvijaa,parisianofficial,13
sylvijaa,extensions,12
sylvijaa,discount,12
sylvijaa,cute,10
sylvijaa,outfit,10
sylvijaa,jumpsuit,9
sylvijaa,friday,9
sylvijaa,everyone,9
sylvijaa,obsessed,8
thebodycoach,today,49
thebodycoach,bodycoachapp,47
thebodycoach,incredible,44
thebodycoach,recipe,40
thebodycoach,love,37
thebodycoach,feel,36
thebodycoach,workout,34
thebodycoach,thebodycoach,34
thebodycoach,chicken,34
thebodycoach,new,32
thebodycoach,really,31
thebodycoach,ingredients,31
thebodycoach,fitness,30
thebodycoach,good,29
thebodycoach,link,29
thebodycoach,bio,29
thebodycoach,joe,29
thebodycoach,workouts,28
thebodycoach,body,28
thebodycoach,try,28
thefitnesschef_,food,465
thefitnesschef_,calories,445
thefitnesschef_,fat,433
thefitnesschef_,calorie,360
thefitnesschef_,protein,349
thefitnesschef_,foods,299
thefitnesschef_,may,223
thefitnesschef_,eating,216
thefitnesschef_,caloric,199
thefitnesschef_,diet,198
thefitnesschef_,time,185
thefitnesschef_,health,175
thefitnesschef_,loss,165
thefitnesschef_,energy,158
thefitnesschef_,overall,149
thefitnesschef_,body,140
thefitnesschef_,eat,130
thefitnesschef_,consumption,123
thefitnesschef_,whilst,121
thefitnesschef_,per,115
_jackfowler_,new,36
_jackfowler_,life,28
_jackfowler_,foolish,26
_jackfowler_,ad,24
_jackfowler_,people,23
_jackfowler_,going,21
_jackfowler_,things,21
_jackfowler_,love,19
_jackfowler_,time,18
_jackfowler_,see,18
_jackfowler_,year,18
_jackfowler_,collection,18
_jackfowler_,got,16
_jackfowler_,isawitfirst,16
_jackfowler_,go,15
_jackfowler_,tag,15
_jackfowler_,video,14
_jackfowler_,make,13
_jackfowler_,right,13
_jackfowler_,bio,13
